{
  "total_processed": 48,
  "researched": 13,
  "cached": 0,
  "errors": 35,
  "estimated_cost": 0.22100000000000009,
  "elapsed_seconds": 1795.3200941085815
}