{
  "total_processed": 11,
  "researched": 11,
  "cached": 0,
  "errors": 0,
  "estimated_cost": 0.18700000000000006,
  "elapsed_seconds": 35.20384216308594
}