{
  "total_processed": 69,
  "researched": 19,
  "cached": 0,
  "errors": 50,
  "estimated_cost": 0.3230000000000002,
  "elapsed_seconds": 2563.6311452388763
}