{
  "total_processed": 8,
  "researched": 3,
  "cached": 0,
  "errors": 5,
  "estimated_cost": 0.051000000000000004,
  "elapsed_seconds": 240.41042113304138
}