{
  "total_processed": 100,
  "researched": 100,
  "cached": 0,
  "errors": 0,
  "estimated_cost": 1.6999999999999968,
  "elapsed_seconds": 638.1889128684998
}