{
  "total_processed": 7,
  "researched": 6,
  "cached": 0,
  "errors": 0,
  "estimated_cost": 0.10200000000000001,
  "elapsed_seconds": 33.05436325073242
}