{
  "total_processed": 3,
  "researched": 3,
  "cached": 0,
  "errors": 0,
  "estimated_cost": 0.051000000000000004,
  "elapsed_seconds": 36.123968839645386
}